Locus,A1,A2,SpeciesA1,SpeciesA2,Weight
Oki_101419-103-27,A,C,Ots;Oki;Omy;Ocl1a;Ocl1b;Ocl2,One;Ogo;Oke;Sfo;Ssa;Str,1
Oki_101419-103-44,T,C,Ots;One;Oki;Omy;Ocl1a;Ocl1b;Ocl2;Ogo;Oke,Sfo;Ssa;Str,1
Oki_105105-245-23,T,G,Ots;Oki;Omy;Ocl1a;Ocl1b;Ocl2;Ogo;Oke;Sfo;Sco;Ssa;Str,One,2
Oki_106172-60-38,C,T,Omy;Ocl1a;Ocl1b;Ocl2,Ots;One;Oki;Ogo;Oke;Sfo;Sco;Ssa;Str,1
Oki_106172-60-47,G,A,Omy;Ocl1a;Ocl1b,Ots;One;Oki;Ocl2;Ogo;Oke,1
Oki_106172-60-47c,A,C,Ots;One;Oki;Ocl2;Ogo;Oke,Sfo;Sco;Ssa;Str,1
Oki_106172-60-53,C,T,Ogo,Ots;One;Oki;Omy;Ocl1a;Ocl1b;Ocl2;Oke;Sfo;Sco;Ssa;Str,2
Oki_111681-407-38,C,T,One;Oki;Omy;Ocl1a;Ocl1b;Ocl2;Ogo;Oke;Sfo;Sco;Ssa;Str,Ots,2
Oki_120255mod-105,C,T,Ots;One;Oki;Omy;Ocl1a;Ocl1b;Ocl2;Ogo;Oke;Sfo;Sco;Ssa;Str,Oma,2
Oki_120255mod-113,G,A,One;Oki;Omy;Ocl1a;Ocl1b;Ocl2;Ogo;Oke;Sfo;Sco;Ssa;Str,Ots,2
Oki_120255mod-115,G,T,Ots;Oki;Omy;Ocl1a;Ocl1b;Ocl2;Ogo;Oke;Sfo;Sco;Ssa;Str,One,2
Oki_120255mod-119,G,A,Ots;One;Oki;Ocl1a;Ocl1b;Ocl2;Ogo;Oke;Sfo;Sco;Ssa;Str,Omy,2
Oki_120255mod-120,C,T,Ots;One;Oki;Omy;Ocl1a;Ocl1b;Ocl2;Ogo;Oke;Sco;Ssa;Str,Sfo,2
Oki_120255mod-133,T,C,Ots;One;Oki;Omy;Ocl1a;Ocl1b;Ocl2;Ogo;Oke;Sfo;Sco;Ssa;Str,Oma,2
Oki_120255mod-135,A,C,Ots;One;Oki;Omy;Ocl1a;Ocl1b;Ocl2;Oke;Sfo;Sco;Ssa;Str,Ogo,2
Oki_120255mod-137,A,T,Ots;One;Oki;Omy;Ocl1a;Ocl1b;Ocl2;Ogo;Oke;Sfo;Sco;Str,Ssa,2
Oki_120255mod-141,A,G,Ots;One;Oki;Omy;Ocl1a;Ocl1b;Ocl2;Oke;Sfo;Sco;Ssa;Str,Ogo,2
Oki_120255mod-99,A,C,Ots;One;Oki;Omy;Ocl1a;Ocl1b;Ocl2;Ogo;Sfo;Sco;Ssa;Str,Oke,2
Oki_126619-265-31,A,C,Ots;One;Oki;Omy;Ocl1a;Ocl1b;Ocl2;Ogo;Oke;Sco,Sfo,2
Oki_126619-265-35,A,G,Ots;Oki;Omy;Ocl1a;Ocl1b;Ocl2;Oke;Sfo;Sco,One;Ogo,1
Oki_126619-265-50,G,T,Ots;One;Oki;Omy;Ocl1a;Ocl1b;Ocl2;Ogo;Sfo;Sco,Oke,2
Oki_RAD41030-31-36,C,T,Ots;One;Oki;Ocl1a;Ocl1b;Ogo;Oke;Sfo;Sco;Ssa;Str,Ocl2,2
Oki_RAD41030-31-37,G,A,Ots;One;Oki;Ocl1a;Ocl1b;Ocl2;Ogo;Oke;Ssa;Str,Sfo;Sco,1
Oki_RAD41030-31-41,G,C,Ots;Oma;One;Ocl1a;Ocl1b;Ocl2;Oke;Sfo;Sco;Ssa;Str,Oki,2
Oki_RAD41030-31-55,G,T,Ots;One;Oki;Ocl1a;Ocl1b;Ocl2;Ogo;Oke;Sfo;Sco;Str,Ssa,2
Oki_RAD51585-47-25,C,G,Ots;One;Oki;Omy;Ocl1a;Ocl1b;Ocl2;Ogo;Oke,Sfo;Sco;Ssa;Str,1
Oki_RAD51585-47-28,G,A,Ots;One;Oki;Omy;Ocl1a;Ocl1b;Oke;Str,Ogo,2
Oki_RAD51585-47-31,A,C,Ots;One;Oki;Omy;Ocl1a;Ocl1b;Ogo;Oke;Sfo;Sco;Ssa;Str,Ocl2,2
Oki_aspAT-273-37,C,T,Ots;One;Omy;Ocl1a;Ocl1b;Ocl2;Ogo;Oke;Sfo;Sco;Ssa;Str,Oki,2
Oki_aspAT-273-45,T,A,Ots;One;Oki;Omy;Ocl1a;Ocl1b;Ocl2;Ogo;Oke,Sfo;Sco,1
Omy_RAD13034-67-21,C,T,One;Oki;Omy;Ocl1a;Ocl1b;Ocl2;Ogo;Oke;Ssa,Ots,1
Omy_RAD13034-67-35,A,T,Ots;One;Oki;Omy;Ogo;Oke;Ssa,Ocl1a;Ocl1b;Ocl2,2
Omy_RAD79314-58-25,C,T,Ots;Oki;Omy;Ocl1a;Ocl2;Ogo;Oke;Sfo;Sco,One;Ssa;Str;Ocl1b,1
Omy_RAD79314-58-27,T,C,One;Oki;Omy;Ocl1a;Ocl1b;Ocl2;Ogo;Oke,Ots;Sfo;Sco;Ssa;Str,1
Omy_RAD79314-58-31,G,A,Ots;One;Oki;Omy;Ocl1a;Ocl1b;Ocl2;Oke;Sfo;Sco;Ssa;Str,Ogo,2
Omy_RAD79314-58-66,C,A,Ots;One;Oki;Omy;Ocl1a;Ocl1b;Ocl2;Ogo;Oke;Sfo;Sco,Ssa;Str,1
Omy_myclarp404-111,T,G,Omy,Ots;One;Oki;Ocl1a;Ocl1b;Ocl2;Ogo;Oke;Sfo;Sco;Ssa;Str,2
One_1a.54542-52-44,C,T,Ots;One;Oki;Omy;Ocl1a;Ocl1b;Ocl2;Ogo;Oke,Sfo;Sco;Ssa;Str,1
One_1a.54542-52-47,G,C,Ots;One;Omy;Ocl1a;Ocl1b;Ocl2;Ogo;Oke;Sfo;Sco;Ssa;Str,Oki,2
One_2.70711-39-28,G,T,Ots;One;Oki;Omy;Ocl1a;Ocl1b;Ocl2;Ogo;Sfo;Sco;Ssa;Str,Oke,2
One_2.70711-39-30,T,C,Ots;One;Oki;Omy;Ocl1a;Ocl1b;Ocl2;Ogo;Oke,Sfo;Sco;Ssa,1
One_2.70711-39-43,G,A,Ots;One;Omy;Ocl1a;Ocl1b;Ocl2;Ogo;Oke;Sfo;Sco,Ssa,1
One_2.70711-39-57,G,A,Ots;One;Oki;Omy;Ocl1a;Ocl1b;Ocl2;Oke;Sfo;Sco;Ssa;Str,Ogo,2
One_2.70711-39-64,T,G,Ots;One;Oki;Omy;Ocl1a;Ocl1b;Ocl2;Sfo;Sco;Ssa;Str,Oke,2
Ots_ARNT-29,A,G,One;Omy;Ocl1a;Ocl1b;Ocl2;Ogo,Ots;Oki;Sfo;Sco,1
Ots_ARNT-29c,A,C,One;Omy;Ocl1a;Ocl1b;Ocl2;Ogo,Oke,2
Ots_P53-25,G,T,Ots;One;Omy;Ocl1a;Ocl1b;Ocl2;Ogo;Oke;Sfo;Sco;Ssa;Str,Oki,2
Ots_P53-28,G,C,Ots;One;Oki;Omy;Ocl1a;Ocl1b;Ocl2;Ogo;Oke;Sfo;Ssa;Str,Sco,2
Ots_P53-40,T,C,Ots;One;Oki;Omy;Ocl1a;Ocl1b;Ocl2;Ogo;Oke,Sfo;Sco;Ssa;Str,1
Ots_crRAD9615-69-19,T,A,Ots;Oki;Omy;Ocl1a;Ocl1b;Ocl2;Ogo;Oke;Sfo;Sco;Ssa;Str,One,2
Ots_crRAD9615-69-50,A,T,Omy;Ocl1a;Ocl1b;Ocl2;Sfo;Sco;Ssa;Str,Ots;One;Oki;Ogo;Oke,1
Ots_myo1a-384-36,C,T,Ots;One;Oki;Omy;Ocl1a;Ocl1b;Ogo;Oke,Ocl2,2
Ots_unk9480-51-38,T,C,Omy;Ocl1a;Ocl1b;Ocl2,Ots;One;Oki;Oke,1
LampSD_478,G,A,Entosphenus,Lampetra,2
LampSD_700,G,T,Entosphenus,Lampetra,2
Ocl_gshpx-357,T,G,Ocl1a;Ocl1b;Ocl2,Omy,1
Omy_Omyclmk438-96,A,C,Omy,Ocl1a;Ocl1b;Ocl2,1